{"cameraMode":{"drawMode":0,"name":"Shaded","section":"Shading Mode"},"sceneLighting":false,"audioPlay":false,"sceneViewState":{"m_AlwaysRefresh":false,"showFog":false,"showSkybox":false,"showFlares":false,"showImageEffects":false,"showParticleSystems":false,"showVisualEffectGraphs":false,"m_FxEnabled":true},"in2DMode":false,"pivot":{"x":22.691864013671876,"y":-1.3872119188308716,"z":-3.0556516647338869},"rotation":{"x":0.05468787997961044,"y":-0.9062200784683228,"z":0.12327910214662552,"w":0.40009966492652895},"size":1.3856403827667237,"orthographic":false}