{"cameraMode":{"drawMode":0,"name":"Shaded","section":"Shading Mode"},"sceneLighting":false,"audioPlay":false,"sceneViewState":{"m_AlwaysRefresh":false,"showFog":false,"showSkybox":false,"showFlares":false,"showImageEffects":false,"showParticleSystems":false,"showVisualEffectGraphs":false,"m_FxEnabled":true},"in2DMode":false,"pivot":{"x":0.15732833743095399,"y":0.2867167592048645,"z":-0.02723109722137451},"rotation":{"x":-0.003965951967984438,"y":-0.9957849383354187,"z":-0.07151152193546295,"w":0.05593496188521385},"size":0.527116060256958,"orthographic":false}